insert into comuna (id_comuna, nombre) values (1, 'Santiago');
insert into comuna (id_comuna, nombre) values (2, 'Providencia');
insert into comuna (id_comuna, nombre) values (3, 'Las Condes');
insert into comuna (id_comuna, nombre) values (4, 'Vitacura');
insert into comuna (id_comuna, nombre) values (5, 'La Reina');
insert into comuna (id_comuna, nombre) values (6, 'Puente Alto');
insert into comuna (id_comuna, nombre) values (7, 'La Florida');
insert into comuna (id_comuna, nombre) values (8, 'La Cisterna');
insert into comuna (id_comuna, nombre) values (9, 'Huechuraba');
insert into comuna (id_comuna, nombre) values (10, 'Recoleta');
insert into comuna (id_comuna, nombre) values (11, 'Estacion Central');
insert into cliente (id_cliente, nombre, apellido, email, telefono, id_comuna, genero) values (1, 'Tabbatha', 'Durnian', 'tdurnian0@about.me', '496-882-9227', '1', 'Femenino');
insert into cliente (id_cliente, nombre, apellido, email, telefono, id_comuna, genero) values (2, 'Carlos', 'Kenninghan', 'wkenninghan1@t-online.de', '237-757-4423', '4', 'Masculino');
insert into cliente (id_cliente, nombre, apellido, email, telefono, id_comuna, genero) values (3, 'Dorene', 'Purchon', 'dpurchon2@ow.ly', '278-337-3841', '3', 'Femenino');
insert into cliente (id_cliente, nombre, apellido, email, telefono, id_comuna, genero) values (4, 'Clive', 'Itskovitz', 'citskovitz3@adobe.com', '281-977-9299', '10', 'Femenino');
insert into cliente (id_cliente, nombre, apellido, email, telefono, id_comuna, genero) values (5, 'Hesther', 'Gianolini', 'hgianolini4@twitter.com', '381-641-5312', '8', 'Masculino');
insert into cliente (id_cliente, nombre, apellido, email, telefono, id_comuna, genero) values (6, 'Murray', 'Backhurst', 'mbackhurst5@paypal.com', '163-611-9416', '6', 'Masculino');
insert into cliente (id_cliente, nombre, apellido, email, telefono, id_comuna, genero) values (7, 'Konstance', 'Hartles', 'khartles6@bigcartel.com', '507-755-6146', '2', 'Femenino');
insert into cliente (id_cliente, nombre, apellido, email, telefono, id_comuna, genero) values (8, 'Brinna', 'Chotty', 'bchotty7@google.ca', '714-690-4558', '5', 'Masculino');
insert into cliente (id_cliente, nombre, apellido, email, telefono, id_comuna, genero) values (9, 'Alaster', 'Duckworth', 'aduckworth8@cpanel.net', '938-856-3060', '9', 'Femenino');
insert into cliente (id_cliente, nombre, apellido, email, telefono, id_comuna, genero) values (10, 'Dorey', 'Drew-Clifton', 'ddrewclifton9@dagondesign.com', '861-262-1165', '11', 'Femenino');
insert into cliente (id_cliente, nombre, apellido, email, telefono, id_comuna, genero) values (11, 'Marcille', 'Kadar', 'mkadara@flavors.me', '400-978-4191', '7', 'Femenino');
insert into cliente (id_cliente, nombre, apellido, email, telefono, id_comuna, genero) values (12, 'Devlen', 'Manuele', 'dmanueleb@loc.gov', '445-486-3170', '3', 'Masculino');
insert into cliente (id_cliente, nombre, apellido, email, telefono, id_comuna, genero) values (13, 'Cinnamon', 'Glasscott', 'cglasscottc@examiner.com', '962-295-7583', '4', 'Femenino');
insert into cliente (id_cliente, nombre, apellido, email, telefono, id_comuna, genero) values (14, 'Timmy', 'Eeles', 'teelesd@reddit.com', '488-334-8055', '8', 'Masculino');
insert into cliente (id_cliente, nombre, apellido, email, telefono, id_comuna, genero) values (15, 'Marybelle', 'Dominy', 'mdominye@google.com.au', '757-253-7154', '2', 'Masculino');
insert into cliente (id_cliente, nombre, apellido, email, telefono, id_comuna, genero) values (16, 'Harlen', 'Berthot', 'hberthotf@dedecms.com', '669-146-6535', '9', 'Femenino');
insert into cliente (id_cliente, nombre, apellido, email, telefono, id_comuna, genero) values (17, 'Rodrigo', 'Goodlife', 'mgoodlifeg@photobucket.com', '664-112-3280', '1', 'Masculino');
insert into cliente (id_cliente, nombre, apellido, email, telefono, id_comuna, genero) values (18, 'Bank', 'Chumley', 'bchumleyh@miibeian.gov.cn', '480-377-8274', '11', 'Masculino');
insert into cliente (id_cliente, nombre, apellido, email, telefono, id_comuna, genero) values (19, 'Worden', 'Linnitt', 'wlinnitti@phoca.cz', '481-865-2588', '7', 'Masculino');
insert into cliente (id_cliente, nombre, apellido, email, telefono, id_comuna, genero) values (20, 'Bailie', 'Parmeter', 'bparmeterj@jiathis.com', '452-638-7956', '5', 'Femenino');
insert into cliente (id_cliente, nombre, apellido, email, telefono, id_comuna, genero) values (21, 'Theda', 'Dellenty', 'tdellentyk@psu.edu', '438-333-6323', '6', 'Masculino');
insert into cliente (id_cliente, nombre, apellido, email, telefono, id_comuna, genero) values (22, 'Kip', 'Rotham', 'krothaml@oaic.gov.au', '525-729-9429', '10', 'Femenino');
insert into cliente (id_cliente, nombre, apellido, email, telefono, id_comuna, genero) values (23, 'Silvester', 'Pavlovic', 'spavlovicm@utexas.edu', '586-310-6655', '1', 'Masculino');
insert into cliente (id_cliente, nombre, apellido, email, telefono, id_comuna, genero) values (24, 'Brien', 'Sopp', 'bsoppn@surveymonkey.com', '971-463-7745', '9', 'Masculino');
insert into cliente (id_cliente, nombre, apellido, email, telefono, id_comuna, genero) values (25, 'Rory', 'Spender', 'rspendero@homestead.com', '101-398-2586', '8', 'Masculino');
insert into cliente (id_cliente, nombre, apellido, email, telefono, id_comuna, genero) values (26, 'Harrie', 'Davidoff', 'hdavidoffp@mail.ru', '692-646-6879', '10', 'Masculino');
insert into cliente (id_cliente, nombre, apellido, email, telefono, id_comuna, genero) values (27, 'Car', 'Stavers', 'cstaversq@cpanel.net', '441-575-2348', '3', 'Masculino');
insert into cliente (id_cliente, nombre, apellido, email, telefono, id_comuna, genero) values (28, 'Willey', 'Boake', 'wboaker@si.edu', '719-586-9718', '6', 'Femenino');
insert into cliente (id_cliente, nombre, apellido, email, telefono, id_comuna, genero) values (29, 'Olivero', 'Painswick', 'opainswicks@ted.com', '923-504-2141', '4', 'Masculino');
insert into cliente (id_cliente, nombre, apellido, email, telefono, id_comuna, genero) values (30, 'Tod', 'Gowlett', 'tgowlettt@delicious.com', '512-926-9664', '7', 'Masculino');
insert into peluqueria (id_peluqueria, nombre, direccion, id_comuna) values (1, 'Estilo & Elegancia', '11910 Fremont Center', '6');
insert into peluqueria (id_peluqueria, nombre, direccion, id_comuna) values (2, 'Cortes y Colores', '32008 Hauk Lane', '8');
insert into peluqueria (id_peluqueria, nombre, direccion, id_comuna) values (3, 'La Tijera Magica', '866 Golden Leaf Terrace', '5');
insert into peluqueria (id_peluqueria, nombre, direccion, id_comuna) values (4, 'Belleza y Estilo', '4159 Anderson Road', '2');
insert into peluqueria (id_peluqueria, nombre, direccion, id_comuna) values (5, 'Corta y Peina', '91774 Maple Junction', '10');
insert into peluqueria (id_peluqueria, nombre, direccion, id_comuna) values (6, 'Glamour Hair', '178 Dovetail Hill', '11');
insert into peluqueria (id_peluqueria, nombre, direccion, id_comuna) values (7, 'Estetica y Moda', '6772 South Court', '4');
insert into peluqueria (id_peluqueria, nombre, direccion, id_comuna) values (8, 'Arte en Cabello', '3335 Main Parkway', '9');
insert into peluqueria (id_peluqueria, nombre, direccion, id_comuna) values (9, 'Rizos y Ondas', '5 Dixon Crossing', '1');
insert into peluqueria (id_peluqueria, nombre, direccion, id_comuna) values (10, 'Trenzas y Estilos', '0340 Dwight Court', '3');
insert into peluqueria (id_peluqueria, nombre, direccion, id_comuna) values (11, 'Salon de Belleza Luna', '8766 Westport Junction', '7');
insert into peluqueria (id_peluqueria, nombre, direccion, id_comuna) values (12, 'Estilo Creativo', '3 Westridge Circle', '2');
insert into peluqueria (id_peluqueria, nombre, direccion, id_comuna) values (13, 'Corte Perfecto', '8 Bay Crossing', '10');
insert into cliente_pelu (id_cliente_pelu, id_cliente, id_peluqueria) values (1, '1', '11');
insert into cliente_pelu (id_cliente_pelu, id_cliente, id_peluqueria) values (2, '2', '13');
insert into cliente_pelu (id_cliente_pelu, id_cliente, id_peluqueria) values (3, '3', '12');
insert into cliente_pelu (id_cliente_pelu, id_cliente, id_peluqueria) values (4, '4', '6');
insert into cliente_pelu (id_cliente_pelu, id_cliente, id_peluqueria) values (5, '5', '9');
insert into cliente_pelu (id_cliente_pelu, id_cliente, id_peluqueria) values (6, '6', '7');
insert into cliente_pelu (id_cliente_pelu, id_cliente, id_peluqueria) values (7, '7', '4');
insert into cliente_pelu (id_cliente_pelu, id_cliente, id_peluqueria) values (8, '8', '5');
insert into cliente_pelu (id_cliente_pelu, id_cliente, id_peluqueria) values (9, '9', '8');
insert into cliente_pelu (id_cliente_pelu, id_cliente, id_peluqueria) values (10, '10', '2');
insert into cliente_pelu (id_cliente_pelu, id_cliente, id_peluqueria) values (11, '11', '10');
insert into cliente_pelu (id_cliente_pelu, id_cliente, id_peluqueria) values (12, '12', '3');
insert into cliente_pelu (id_cliente_pelu, id_cliente, id_peluqueria) values (13, '13', '1');
insert into cliente_pelu (id_cliente_pelu, id_cliente, id_peluqueria) values (14, '14', '12');
insert into cliente_pelu (id_cliente_pelu, id_cliente, id_peluqueria) values (15, '15', '10');
insert into cliente_pelu (id_cliente_pelu, id_cliente, id_peluqueria) values (16, '16', '9');
insert into cliente_pelu (id_cliente_pelu, id_cliente, id_peluqueria) values (17, '17', '5');
insert into cliente_pelu (id_cliente_pelu, id_cliente, id_peluqueria) values (18, '18', '1');
insert into cliente_pelu (id_cliente_pelu, id_cliente, id_peluqueria) values (19, '19', '13');
insert into cliente_pelu (id_cliente_pelu, id_cliente, id_peluqueria) values (20, '20', '7');
insert into cliente_pelu (id_cliente_pelu, id_cliente, id_peluqueria) values (21, '21', '6');
insert into cliente_pelu (id_cliente_pelu, id_cliente, id_peluqueria) values (22, '22', '2');
insert into cliente_pelu (id_cliente_pelu, id_cliente, id_peluqueria) values (23, '23', '11');
insert into cliente_pelu (id_cliente_pelu, id_cliente, id_peluqueria) values (24, '24', '8');
insert into cliente_pelu (id_cliente_pelu, id_cliente, id_peluqueria) values (25, '25', '3');
insert into cliente_pelu (id_cliente_pelu, id_cliente, id_peluqueria) values (26, '26', '4');
insert into cliente_pelu (id_cliente_pelu, id_cliente, id_peluqueria) values (27, '27', '3');
insert into cliente_pelu (id_cliente_pelu, id_cliente, id_peluqueria) values (28, '28', '11');
insert into cliente_pelu (id_cliente_pelu, id_cliente, id_peluqueria) values (29, '29', '13');
insert into cliente_pelu (id_cliente_pelu, id_cliente, id_peluqueria) values (30, '30', '2');
insert into sueldo (id_sueldo, monto, fecha_pago) values (1, 861274, '2024-02-11');
insert into sueldo (id_sueldo, monto, fecha_pago) values (2, 572010, '2024-02-12');
insert into sueldo (id_sueldo, monto, fecha_pago) values (3, 605567, '2024-01-04');
insert into sueldo (id_sueldo, monto, fecha_pago) values (4, 858289, '2024-01-16');
insert into sueldo (id_sueldo, monto, fecha_pago) values (5, 947448, '2023-04-19');
insert into sueldo (id_sueldo, monto, fecha_pago) values (6, 934372, '2023-05-21');
insert into sueldo (id_sueldo, monto, fecha_pago) values (7, 948657, '2024-03-10');
insert into sueldo (id_sueldo, monto, fecha_pago) values (8, 933331, '2024-02-10');
insert into sueldo (id_sueldo, monto, fecha_pago) values (9, 801954, '2023-06-08');
insert into sueldo (id_sueldo, monto, fecha_pago) values (10, 732844, '2023-05-26');
insert into sueldo (id_sueldo, monto, fecha_pago) values (11, 980238, '2024-01-22');
insert into sueldo (id_sueldo, monto, fecha_pago) values (12, 677391, '2023-07-04');
insert into sueldo (id_sueldo, monto, fecha_pago) values (13, 925381, '2024-03-09');
insert into sueldo (id_sueldo, monto, fecha_pago) values (14, 544852, '2024-03-14');
insert into sueldo (id_sueldo, monto, fecha_pago) values (15, 723557, '2023-11-27');
insert into sueldo (id_sueldo, monto, fecha_pago) values (16, 989827, '2023-12-08');
insert into sueldo (id_sueldo, monto, fecha_pago) values (17, 995219, '2024-02-27');
insert into sueldo (id_sueldo, monto, fecha_pago) values (18, 738852, '2023-08-09');
insert into sueldo (id_sueldo, monto, fecha_pago) values (19, 664054, '2023-04-08');
insert into sueldo (id_sueldo, monto, fecha_pago) values (20, 909417, '2023-09-23');
insert into horarios (id_horario, dia_semana, bloque_horario) values (1, 'Lunes', 1);
insert into horarios (id_horario, dia_semana, bloque_horario) values (2, 'Martes', 2);
insert into horarios (id_horario, dia_semana, bloque_horario) values (3, 'Miercoles', 3);
insert into horarios (id_horario, dia_semana, bloque_horario) values (4, 'Jueves', 4);
insert into horarios (id_horario, dia_semana, bloque_horario) values (5, 'Viernes', 5);
insert into horarios (id_horario, dia_semana, bloque_horario) values (6, 'Sabado', 6);
insert into horarios (id_horario, dia_semana, bloque_horario) values (7, 'Domingo', 7);
insert into horarios (id_horario, dia_semana, bloque_horario) values (8, 'Lunes', 1);
insert into horarios (id_horario, dia_semana, bloque_horario) values (9, 'Martes', 2);
insert into horarios (id_horario, dia_semana, bloque_horario) values (10, 'Miercoles', 3);
insert into horarios (id_horario, dia_semana, bloque_horario) values (11, 'Jueves', 4);
insert into horarios (id_horario, dia_semana, bloque_horario) values (12, 'Viernes', 5);
insert into horarios (id_horario, dia_semana, bloque_horario) values (13, 'Sabado', 6);
insert into horarios (id_horario, dia_semana, bloque_horario) values (14, 'Domingo', 7);
insert into horarios (id_horario, dia_semana, bloque_horario) values (15, 'Lunes', 1);
insert into horarios (id_horario, dia_semana, bloque_horario) values (16, 'Martes', 2);
insert into horarios (id_horario, dia_semana, bloque_horario) values (17, 'Miercoles', 3);
insert into horarios (id_horario, dia_semana, bloque_horario) values (18, 'Jueves', 4);
insert into horarios (id_horario, dia_semana, bloque_horario) values (19, 'Viernes', 5);
insert into horarios (id_horario, dia_semana, bloque_horario) values (20, 'Sabado', 6);
insert into horarios (id_horario, dia_semana, bloque_horario) values (21, 'Domingo', 7);
insert into horarios (id_horario, dia_semana, bloque_horario) values (22, 'Lunes', 1);
insert into horarios (id_horario, dia_semana, bloque_horario) values (23, 'Martes', 2);
insert into horarios (id_horario, dia_semana, bloque_horario) values (24, 'Miercoles', 3);
insert into horarios (id_horario, dia_semana, bloque_horario) values (25, 'Jueves', 4);
insert into horarios (id_horario, dia_semana, bloque_horario) values (26, 'Viernes', 5);
insert into horarios (id_horario, dia_semana, bloque_horario) values (27, 'Sabado', 6);
insert into horarios (id_horario, dia_semana, bloque_horario) values (28, 'Domingo', 7);
insert into horarios (id_horario, dia_semana, bloque_horario) values (29, 'Lunes', 1);
insert into horarios (id_horario, dia_semana, bloque_horario) values (30, 'Martes', 2);
insert into horarios (id_horario, dia_semana, bloque_horario) values (31, 'Miercoles', 3);
insert into horarios (id_horario, dia_semana, bloque_horario) values (32, 'Jueves', 4);
insert into horarios (id_horario, dia_semana, bloque_horario) values (33, 'Viernes', 5);
insert into horarios (id_horario, dia_semana, bloque_horario) values (34, 'Sabado', 6);
insert into horarios (id_horario, dia_semana, bloque_horario) values (35, 'Domingo', 7);
insert into horarios (id_horario, dia_semana, bloque_horario) values (36, 'Lunes', 1);
insert into horarios (id_horario, dia_semana, bloque_horario) values (37, 'Martes', 2);
insert into horarios (id_horario, dia_semana, bloque_horario) values (38, 'Miercoles', 3);
insert into horarios (id_horario, dia_semana, bloque_horario) values (39, 'Jueves', 4);
insert into horarios (id_horario, dia_semana, bloque_horario) values (40, 'Viernes', 5);
insert into horarios (id_horario, dia_semana, bloque_horario) values (41, 'Sabado', 6);
insert into horarios (id_horario, dia_semana, bloque_horario) values (42, 'Domingo', 7);
insert into horarios (id_horario, dia_semana, bloque_horario) values (43, 'Lunes', 1);
insert into horarios (id_horario, dia_semana, bloque_horario) values (44, 'Martes', 2);
insert into horarios (id_horario, dia_semana, bloque_horario) values (45, 'Miercoles', 3);
insert into horarios (id_horario, dia_semana, bloque_horario) values (46, 'Jueves', 4);
insert into horarios (id_horario, dia_semana, bloque_horario) values (47, 'Viernes', 5);
insert into horarios (id_horario, dia_semana, bloque_horario) values (48, 'Sabado', 6);
insert into horarios (id_horario, dia_semana, bloque_horario) values (49, 'Domingo', 7);
insert into pago (id_pago, monto, fecha_pago) values (1, 52709, '2023-12-07');
insert into pago (id_pago, monto, fecha_pago) values (2, 45767, '2023-05-10');
insert into pago (id_pago, monto, fecha_pago) values (3, 18306, '2023-06-04');
insert into pago (id_pago, monto, fecha_pago) values (4, 34145, '2024-03-21');
insert into pago (id_pago, monto, fecha_pago) values (5, 41485, '2023-12-20');
insert into pago (id_pago, monto, fecha_pago) values (6, 16252, '2023-05-28');
insert into pago (id_pago, monto, fecha_pago) values (7, 39052, '2023-06-21');
insert into pago (id_pago, monto, fecha_pago) values (8, 40436, '2023-11-07');
insert into pago (id_pago, monto, fecha_pago) values (9, 37419, '2023-04-18');
insert into pago (id_pago, monto, fecha_pago) values (10, 38927, '2024-03-18');
insert into pago (id_pago, monto, fecha_pago) values (11, 26200, '2023-07-09');
insert into pago (id_pago, monto, fecha_pago) values (12, 33843, '2023-11-07');
insert into pago (id_pago, monto, fecha_pago) values (13, 35938, '2024-03-07');
insert into pago (id_pago, monto, fecha_pago) values (14, 33324, '2023-12-19');
insert into pago (id_pago, monto, fecha_pago) values (15, 51397, '2023-10-29');
insert into pago (id_pago, monto, fecha_pago) values (16, 56416, '2024-01-27');
insert into pago (id_pago, monto, fecha_pago) values (17, 57781, '2023-06-13');
insert into pago (id_pago, monto, fecha_pago) values (18, 51967, '2023-10-15');
insert into pago (id_pago, monto, fecha_pago) values (19, 16589, '2024-03-28');
insert into pago (id_pago, monto, fecha_pago) values (20, 53637, '2024-03-02');
insert into pago (id_pago, monto, fecha_pago) values (21, 37211, '2023-08-15');
insert into pago (id_pago, monto, fecha_pago) values (22, 59148, '2023-08-20');
insert into pago (id_pago, monto, fecha_pago) values (23, 17311, '2023-11-13');
insert into pago (id_pago, monto, fecha_pago) values (24, 58979, '2023-10-18');
insert into pago (id_pago, monto, fecha_pago) values (25, 48549, '2023-06-25');
insert into pago (id_pago, monto, fecha_pago) values (26, 47429, '2024-01-14');
insert into pago (id_pago, monto, fecha_pago) values (27, 24207, '2023-08-26');
insert into pago (id_pago, monto, fecha_pago) values (28, 13214, '2023-06-20');
insert into pago (id_pago, monto, fecha_pago) values (29, 9063, '2023-12-08');
insert into pago (id_pago, monto, fecha_pago) values (30, 42005, '2024-03-25');
insert into producto (id_producto, nombre, precio) values (1, 'Gel', 42579);
insert into producto (id_producto, nombre, precio) values (2, 'Gel', 32193);
insert into producto (id_producto, nombre, precio) values (3, 'Champu', 13044);
insert into producto (id_producto, nombre, precio) values (4, 'Gel', 51994);
insert into producto (id_producto, nombre, precio) values (5, 'Permanente', 40168);
insert into producto (id_producto, nombre, precio) values (6, 'Cepillo', 17828);
insert into producto (id_producto, nombre, precio) values (7, 'Serum', 25395);
insert into producto (id_producto, nombre, precio) values (8, 'Mascarilla', 33840);
insert into producto (id_producto, nombre, precio) values (9, 'Plancha', 61312);
insert into producto (id_producto, nombre, precio) values (10, 'Champu', 30524);
insert into producto (id_producto, nombre, precio) values (11, 'Aceite', 66756);
insert into producto (id_producto, nombre, precio) values (12, 'Acondicionador', 52787);
insert into producto (id_producto, nombre, precio) values (13, 'Cera', 44369);
insert into producto (id_producto, nombre, precio) values (14, 'Cera', 55832);
insert into producto (id_producto, nombre, precio) values (15, 'Serum', 22698);
insert into producto (id_producto, nombre, precio) values (16, 'Secador', 54574);
insert into producto (id_producto, nombre, precio) values (17, 'Tinte', 44448);
insert into producto (id_producto, nombre, precio) values (18, 'Cera', 47494);
insert into producto (id_producto, nombre, precio) values (19, 'Mascarilla', 60055);
insert into servicio (id_servicio, nombre, precio) values (1, 'Corte', 15350);
insert into servicio (id_servicio, nombre, precio) values (2, 'Barba', 27325);
insert into servicio (id_servicio, nombre, precio) values (3, 'Corte y Barba', 44997);
insert into servicio (id_servicio, nombre, precio) values (4, 'Teñir Cabello', 23149);
insert into servicio (id_servicio, nombre, precio) values (5, 'Peinar', 23553);
insert into servicio (id_servicio, nombre, precio) values (6, 'Secar', 52765);
insert into servicio (id_servicio, nombre, precio) values (7, 'Planchar', 27635);
insert into empleado (id_empleado, nombre, apellido, email, telefono, id_peluqueria, id_comuna, id_sueldo) values (1, 'Jeniffer', 'Donaher', 'jdonaher0@scribd.com', '416-566-5967', '8', '1', '9');
insert into empleado (id_empleado, nombre, apellido, email, telefono, id_peluqueria, id_comuna, id_sueldo) values (2, 'Morgan', 'Jadczak', 'mjadczak1@gravatar.com', '152-313-3964', '1', '8', '17');
insert into empleado (id_empleado, nombre, apellido, email, telefono, id_peluqueria, id_comuna, id_sueldo) values (3, 'Fanny', 'Ritch', 'fritch2@wordpress.org', '872-951-9540', '7', '9', '1');
insert into empleado (id_empleado, nombre, apellido, email, telefono, id_peluqueria, id_comuna, id_sueldo) values (4, 'Loren', 'Lohde', 'llohde3@nasa.gov', '764-974-4427', '13', '10', '18');
insert into empleado (id_empleado, nombre, apellido, email, telefono, id_peluqueria, id_comuna, id_sueldo) values (5, 'Carlota', 'Kadd', 'ckadd4@hubpages.com', '647-399-5318', '4', '11', '20');
insert into empleado (id_empleado, nombre, apellido, email, telefono, id_peluqueria, id_comuna, id_sueldo) values (6, 'Lionel', 'Buxsey', 'lbuxsey5@ucsd.edu', '829-814-3847', '10', '3', '19');
insert into empleado (id_empleado, nombre, apellido, email, telefono, id_peluqueria, id_comuna, id_sueldo) values (7, 'Lucita', 'Yarnley', 'lyarnley6@cdc.gov', '461-988-4440', '12', '7', '3');
insert into empleado (id_empleado, nombre, apellido, email, telefono, id_peluqueria, id_comuna, id_sueldo) values (8, 'Chrissie', 'Evins', 'cevins7@is.gd', '161-564-0667', '2', '6', '5');
insert into empleado (id_empleado, nombre, apellido, email, telefono, id_peluqueria, id_comuna, id_sueldo) values (9, 'Currie', 'Boutton', 'cboutton8@slideshare.net', '984-464-7054', '11', '2', '2');
insert into empleado (id_empleado, nombre, apellido, email, telefono, id_peluqueria, id_comuna, id_sueldo) values (10, 'Rheta', 'Burrus', 'rburrus9@symantec.com', '495-844-2755', '3', '4', '15');
insert into empleado (id_empleado, nombre, apellido, email, telefono, id_peluqueria, id_comuna, id_sueldo) values (11, 'Peria', 'Guilford', 'pguilforda@ocn.ne.jp', '475-803-7589', '5', '5', '7');
insert into empleado (id_empleado, nombre, apellido, email, telefono, id_peluqueria, id_comuna, id_sueldo) values (12, 'Dicky', 'Wisden', 'dwisdenb@clickbank.net', '101-582-0575', '9', '7', '4');
insert into empleado (id_empleado, nombre, apellido, email, telefono, id_peluqueria, id_comuna, id_sueldo) values (13, 'Ayn', 'Everleigh', 'aeverleighc@themeforest.net', '954-523-7152', '6', '10', '14');
insert into empleado (id_empleado, nombre, apellido, email, telefono, id_peluqueria, id_comuna, id_sueldo) values (14, 'Fred', 'Kundt', 'fkundtd@1688.com', '922-651-2559', '2', '2', '13');
insert into empleado (id_empleado, nombre, apellido, email, telefono, id_peluqueria, id_comuna, id_sueldo) values (15, 'Ardith', 'Trainer', 'atrainere@statcounter.com', '850-119-7894', '8', '8', '16');
insert into empleado (id_empleado, nombre, apellido, email, telefono, id_peluqueria, id_comuna, id_sueldo) values (16, 'Tarrance', 'Goldring', 'tgoldringf@furl.net', '276-523-6790', '6', '1', '12');
insert into empleado (id_empleado, nombre, apellido, email, telefono, id_peluqueria, id_comuna, id_sueldo) values (17, 'Ilaire', 'Crevy', 'icrevyg@cocolog-nifty.com', '702-332-3646', '5', '6', '11');
insert into empleado (id_empleado, nombre, apellido, email, telefono, id_peluqueria, id_comuna, id_sueldo) values (18, 'Holly-anne', 'Ioan', 'hioanh@apache.org', '967-945-7572', '3', '5', '6');
insert into empleado (id_empleado, nombre, apellido, email, telefono, id_peluqueria, id_comuna, id_sueldo) values (19, 'Jacky', 'Mitrovic', 'jmitrovici@statcounter.com', '757-642-2098', '12', '9', '10');
insert into empleado (id_empleado, nombre, apellido, email, telefono, id_peluqueria, id_comuna, id_sueldo) values (20, 'Clayborn', 'Giraux', 'cgirauxj@blogspot.com', '700-882-6955', '10', '4', '8');
insert into empleado (id_empleado, nombre, apellido, email, telefono, id_peluqueria, id_comuna, id_sueldo) values (21, 'Garek', 'Linwood', 'glinwoodk@dot.gov', '145-553-6235', '11', '3', '19');
insert into empleado (id_empleado, nombre, apellido, email, telefono, id_peluqueria, id_comuna, id_sueldo) values (22, 'Petrina', 'Koene', 'pkoenel@reverbnation.com', '767-606-2790', '9', '11', '16');
insert into empleado (id_empleado, nombre, apellido, email, telefono, id_peluqueria, id_comuna, id_sueldo) values (23, 'Katine', 'Meffen', 'kmeffenm@delicious.com', '815-218-6251', '13', '5', '15');
insert into empleado (id_empleado, nombre, apellido, email, telefono, id_peluqueria, id_comuna, id_sueldo) values (24, 'Homer', 'Shayler', 'hshaylern@free.fr', '997-278-5658', '1', '1', '13');
insert into empleado (id_empleado, nombre, apellido, email, telefono, id_peluqueria, id_comuna, id_sueldo) values (25, 'Zuzana', 'Lillistone', 'zlillistoneo@hao123.com', '968-494-4079', '7', '8', '10');
insert into empleado (id_empleado, nombre, apellido, email, telefono, id_peluqueria, id_comuna, id_sueldo) values (26, 'Randal', 'Giraudo', 'rgiraudop@tuttocitta.it', '598-913-4256', '4', '3', '20');
insert into empleado (id_empleado, nombre, apellido, email, telefono, id_peluqueria, id_comuna, id_sueldo) values (27, 'Aleksandr', 'Wildbore', 'awildboreq@loc.gov', '949-287-6821', '4', '7', '18');
insert into empleado (id_empleado, nombre, apellido, email, telefono, id_peluqueria, id_comuna, id_sueldo) values (28, 'Myrtle', 'Serrels', 'mserrelsr@cyberchimps.com', '887-748-8618', '1', '10', '12');
insert into empleado (id_empleado, nombre, apellido, email, telefono, id_peluqueria, id_comuna, id_sueldo) values (29, 'Charmian', 'Rizzello', 'crizzellos@storify.com', '578-544-6188', '10', '4', '1');
insert into empleado (id_empleado, nombre, apellido, email, telefono, id_peluqueria, id_comuna, id_sueldo) values (30, 'Archer', 'Albrooke', 'aalbrooket@fema.gov', '372-995-4909', '8', '11', '3');
insert into peluquero (id_peluquero, id_empleado, habilidad) values (1, '15', 'Corte');
insert into peluquero (id_peluquero, id_empleado, habilidad) values (2, '16', 'Ondulado');
insert into peluquero (id_peluquero, id_empleado, habilidad) values (3, '12', 'Secado cabello');
insert into peluquero (id_peluquero, id_empleado, habilidad) values (4, '25', 'Corte Hombre');
insert into peluquero (id_peluquero, id_empleado, habilidad) values (5, '11', 'Extensiones');
insert into peluquero (id_peluquero, id_empleado, habilidad) values (6, '18', 'Planchado cabello');
insert into peluquero (id_peluquero, id_empleado, habilidad) values (7, '26', 'Peinado');
insert into peluquero (id_peluquero, id_empleado, habilidad) values (8, '29', 'Tinte');
insert into peluquero (id_peluquero, id_empleado, habilidad) values (9, '13', 'Alisado');
insert into peluquero (id_peluquero, id_empleado, habilidad) values (10, '1', 'Peinado');
insert into cita (id_cita, id_cliente_pelu, id_peluquero, fecha_hora, id_horario, duracion) values (1, '25', '6', '2023-06-29', '34', 218);
insert into cita (id_cita, id_cliente_pelu, id_peluquero, fecha_hora, id_horario, duracion) values (2, '11', '5', '2023-10-23', '46', 238);
insert into cita (id_cita, id_cliente_pelu, id_peluquero, fecha_hora, id_horario, duracion) values (3, '10', '1', '2023-04-06', '16', 61);
insert into cita (id_cita, id_cliente_pelu, id_peluquero, fecha_hora, id_horario, duracion) values (4, '30', '9', '2023-08-20', '9', 198);
insert into cita (id_cita, id_cliente_pelu, id_peluquero, fecha_hora, id_horario, duracion) values (5, '29', '3', '2023-11-21', '2', 50);
insert into cita (id_cita, id_cliente_pelu, id_peluquero, fecha_hora, id_horario, duracion) values (6, '20', '7', '2023-08-27', '1', 206);
insert into cita (id_cita, id_cliente_pelu, id_peluquero, fecha_hora, id_horario, duracion) values (7, '16', '2', '2023-05-15', '8', 37);
insert into cita (id_cita, id_cliente_pelu, id_peluquero, fecha_hora, id_horario, duracion) values (8, '26', '8', '2024-01-30', '3', 191);
insert into cita (id_cita, id_cliente_pelu, id_peluquero, fecha_hora, id_horario, duracion) values (9, '21', '4', '2024-01-26', '35', 76);
insert into cita (id_cita, id_cliente_pelu, id_peluquero, fecha_hora, id_horario, duracion) values (10, '12', '10', '2023-06-04', '40', 186);
insert into cita (id_cita, id_cliente_pelu, id_peluquero, fecha_hora, id_horario, duracion) values (11, '19', '2', '2023-08-27', '22', 74);
insert into cita (id_cita, id_cliente_pelu, id_peluquero, fecha_hora, id_horario, duracion) values (12, '17', '9', '2023-04-25', '41', 173);
insert into cita (id_cita, id_cliente_pelu, id_peluquero, fecha_hora, id_horario, duracion) values (13, '24', '6', '2023-08-14', '24', 230);
insert into cita (id_cita, id_cliente_pelu, id_peluquero, fecha_hora, id_horario, duracion) values (14, '23', '4', '2024-04-03', '12', 178);
insert into cita (id_cita, id_cliente_pelu, id_peluquero, fecha_hora, id_horario, duracion) values (15, '28', '8', '2023-09-18', '4', 88);
insert into cita (id_cita, id_cliente_pelu, id_peluquero, fecha_hora, id_horario, duracion) values (16, '7', '1', '2023-12-15', '7', 197);
insert into cita (id_cita, id_cliente_pelu, id_peluquero, fecha_hora, id_horario, duracion) values (17, '5', '7', '2023-12-26', '10', 181);
insert into cita (id_cita, id_cliente_pelu, id_peluquero, fecha_hora, id_horario, duracion) values (18, '9', '3', '2023-04-24', '28', 198);
insert into cita (id_cita, id_cliente_pelu, id_peluquero, fecha_hora, id_horario, duracion) values (19, '22', '10', '2024-02-07', '38', 194);
insert into cita (id_cita, id_cliente_pelu, id_peluquero, fecha_hora, id_horario, duracion) values (20, '3', '5', '2024-02-02', '36', 144);
insert into cita (id_cita, id_cliente_pelu, id_peluquero, fecha_hora, id_horario, duracion) values (21, '27', '5', '2024-03-09', '17', 123);
insert into cita (id_cita, id_cliente_pelu, id_peluquero, fecha_hora, id_horario, duracion) values (22, '18', '10', '2023-08-11', '37', 126);
insert into cita (id_cita, id_cliente_pelu, id_peluquero, fecha_hora, id_horario, duracion) values (23, '2', '9', '2024-02-13', '23', 213);
insert into cita (id_cita, id_cliente_pelu, id_peluquero, fecha_hora, id_horario, duracion) values (24, '4', '7', '2023-05-31', '43', 36);
insert into cita (id_cita, id_cliente_pelu, id_peluquero, fecha_hora, id_horario, duracion) values (25, '15', '3', '2023-11-13', '48', 158);
insert into cita (id_cita, id_cliente_pelu, id_peluquero, fecha_hora, id_horario, duracion) values (26, '6', '8', '2023-07-18', '47', 149);
insert into cita (id_cita, id_cliente_pelu, id_peluquero, fecha_hora, id_horario, duracion) values (27, '14', '6', '2023-12-03', '11', 156);
insert into cita (id_cita, id_cliente_pelu, id_peluquero, fecha_hora, id_horario, duracion) values (28, '8', '1', '2023-8-20', '25', 26);
insert into cita (id_cita, id_cliente_pelu, id_peluquero, fecha_hora, id_horario, duracion) values (29, '13', '2', '2023-10-21', '27', 203);
insert into cita (id_cita, id_cliente_pelu, id_peluquero, fecha_hora, id_horario, duracion) values (30, '1', '4', '2023-7-9', '21', 53);
insert into detalle (id_detalle, id_cita, cantidad_producto, id_pago, id_producto, id_servicio) values (1, '1', 2, '1', '10', '3');
insert into detalle (id_detalle, id_cita, cantidad_producto, id_pago, id_producto, id_servicio) values (2, '2', 9, '2', '14', '4');
insert into detalle (id_detalle, id_cita, cantidad_producto, id_pago, id_producto, id_servicio) values (3, '3', 7, '3', '3', '5');
insert into detalle (id_detalle, id_cita, cantidad_producto, id_pago, id_producto, id_servicio) values (4, '4', 3, '4', '18', '6');
insert into detalle (id_detalle, id_cita, cantidad_producto, id_pago, id_producto, id_servicio) values (5, '5', 6, '5', '4', '7');
insert into detalle (id_detalle, id_cita, cantidad_producto, id_pago, id_producto, id_servicio) values (6, '6', 6, '6', '2', '1');
insert into detalle (id_detalle, id_cita, cantidad_producto, id_pago, id_producto, id_servicio) values (7, '7', 10, '7', '13', '2');
insert into detalle (id_detalle, id_cita, cantidad_producto, id_pago, id_producto, id_servicio) values (8, '8', 10, '8', '17', '1');
insert into detalle (id_detalle, id_cita, cantidad_producto, id_pago, id_producto, id_servicio) values (9, '9', 9, '9', '7', '6');
insert into detalle (id_detalle, id_cita, cantidad_producto, id_pago, id_producto, id_servicio) values (10, '10', 3, '10', '15', '2');
insert into detalle (id_detalle, id_cita, cantidad_producto, id_pago, id_producto, id_servicio) values (11, '11', 7, '11', '16', '4');
insert into detalle (id_detalle, id_cita, cantidad_producto, id_pago, id_producto, id_servicio) values (12, '12', 1, '12', '5', '3');
insert into detalle (id_detalle, id_cita, cantidad_producto, id_pago, id_producto, id_servicio) values (13, '13', 3, '13', '11', '5');
insert into detalle (id_detalle, id_cita, cantidad_producto, id_pago, id_producto, id_servicio) values (14, '14', 8, '14', '1', '7');
insert into detalle (id_detalle, id_cita, cantidad_producto, id_pago, id_producto, id_servicio) values (15, '15', 7, '15', '8', '1');
insert into detalle (id_detalle, id_cita, cantidad_producto, id_pago, id_producto, id_servicio) values (16, '16', 2, '16', '19', '7');
insert into detalle (id_detalle, id_cita, cantidad_producto, id_pago, id_producto, id_servicio) values (17, '17', 3, '17', '9', '4');
insert into detalle (id_detalle, id_cita, cantidad_producto, id_pago, id_producto, id_servicio) values (18, '18', 2, '18', '12', '2');
insert into detalle (id_detalle, id_cita, cantidad_producto, id_pago, id_producto, id_servicio) values (19, '19', 2, '19', '6', '3');
insert into detalle (id_detalle, id_cita, cantidad_producto, id_pago, id_producto, id_servicio) values (20, '20', 8, '20', '13', '5');
insert into detalle (id_detalle, id_cita, cantidad_producto, id_pago, id_producto, id_servicio) values (21, '21', 3, '21', '1', '6');
insert into detalle (id_detalle, id_cita, cantidad_producto, id_pago, id_producto, id_servicio) values (22, '22', 2, '22', '16', '6');
insert into detalle (id_detalle, id_cita, cantidad_producto, id_pago, id_producto, id_servicio) values (23, '23', 5, '23', '10', '3');
insert into detalle (id_detalle, id_cita, cantidad_producto, id_pago, id_producto, id_servicio) values (24, '24', 9, '24', '11', '2');
insert into detalle (id_detalle, id_cita, cantidad_producto, id_pago, id_producto, id_servicio) values (25, '25', 5, '25', '14', '7');
insert into detalle (id_detalle, id_cita, cantidad_producto, id_pago, id_producto, id_servicio) values (26, '26', 4, '26', '9', '5');
insert into detalle (id_detalle, id_cita, cantidad_producto, id_pago, id_producto, id_servicio) values (27, '27', 4, '27', '2', '4');
insert into detalle (id_detalle, id_cita, cantidad_producto, id_pago, id_producto, id_servicio) values (28, '28', 2, '28', '7', '1');
insert into detalle (id_detalle, id_cita, cantidad_producto, id_pago, id_producto, id_servicio) values (29, '29', 1, '29', '17', '4');
insert into detalle (id_detalle, id_cita, cantidad_producto, id_pago, id_producto, id_servicio) values (30, '30', 7, '30', '3', '6');